1,Basketball Men's Basketball
2,Judo Men's Extra-Lightweight
3,Football Men's Football
4,Tug-Of-War Men's Tug-Of-War
5,Speed Skating Women's 500 metres
6,Speed Skating Women's 1000 metres
7,Speed Skating Women's 500 metres
8,Speed Skating Women's 1000 metres
9,Speed Skating Women's 500 metres
10,Speed Skating Women's 1000 metres
11,Cross Country Skiing Men's 10 kilometres
12,Cross Country Skiing Men's 50 kilometres
13,Cross Country Skiing Men's 10/15 kilometres Pursuit
14,Cross Country Skiing Men's 4 x 10 kilometres Relay
15,Cross Country Skiing Men's 10 kilometres
16,Cross Country Skiing Men's 30 kilometres
17,Cross Country Skiing Men's 10/15 kilometres Pursuit
18,Cross Country Skiing Men's 4 x 10 kilometres Relay
19,Cross Country Skiing Men's 10 kilometres
20,Cross Country Skiing Men's 50 kilometres
21,Cross Country Skiing Men's 10/15 kilometres Pursuit
22,Cross Country Skiing Men's 4 x 10 kilometres Relay
23,Cross Country Skiing Men's 10 kilometres
24,Cross Country Skiing Men's 30 kilometres
25,Cross Country Skiing Men's 10/15 kilometres Pursuit
26,Cross Country Skiing Men's 4 x 10 kilometres Relay
27,Athletics Women's 100 metres
28,Athletics Women's 4 x 100 metres Relay
29,Ice Hockey Men's Ice Hockey
30,Swimming Men's 400 metres Freestyle
31,Cross Country Skiing Men's 30 kilometres
32,Badminton Men's Singles
33,Sailing Women's Windsurfer
34,Sailing Women's Windsurfer
35,Biathlon Women's 7.5 kilometres Sprint
36,Swimming Men's 200 metres Breaststroke
37,Swimming Men's 400 metres Breaststroke
38,Swimming Men's 200 metres Breaststroke
39,Swimming Men's 400 metres Breaststroke
40,Swimming Men's 200 metres Breaststroke
41,Ice Hockey Men's Ice Hockey
42,Gymnastics Men's Individual All-Around
43,Gymnastics Men's Team All-Around
44,Gymnastics Men's Floor Exercise
45,Gymnastics Men's Horse Vault
46,Gymnastics Men's Parallel Bars
47,Gymnastics Men's Horizontal Bar
48,Gymnastics Men's Rings
49,Gymnastics Men's Pommelled Horse
50,Gymnastics Men's Individual All-Around
51,Gymnastics Men's Team All-Around
52,Gymnastics Men's Floor Exercise
53,Gymnastics Men's Horse Vault
54,Gymnastics Men's Parallel Bars
55,Gymnastics Men's Horizontal Bar
56,Gymnastics Men's Rings
57,Gymnastics Men's Pommelled Horse
58,Athletics Men's Shot Put
59,Art Competitions Mixed Sculpturing Unknown Event
60,Alpine Skiing Men's Downhill
61,Alpine Skiing Men's Super G
62,Alpine Skiing Men's Giant Slalom
63,Alpine Skiing Men's Slalom
64,Alpine Skiing Men's Downhill
65,Alpine Skiing Men's Super G
66,Alpine Skiing Men's Giant Slalom
67,Alpine Skiing Men's Slalom
68,Alpine Skiing Men's Combined
69,Alpine Skiing Men's Downhill
70,Alpine Skiing Men's Super G
71,Alpine Skiing Men's Giant Slalom
72,Alpine Skiing Men's Combined
73,Alpine Skiing Men's Downhill
74,Alpine Skiing Men's Super G
75,Alpine Skiing Men's Giant Slalom
76,Alpine Skiing Men's Slalom
77,Alpine Skiing Men's Combined
78,Alpine Skiing Men's Downhill
79,Alpine Skiing Men's Super G
80,Handball Women's Handball
81,Weightlifting Women's Super-Heavyweight
82,Wrestling Men's Light-Heavyweight Greco-Roman
83,Wrestling Men's Light-Heavyweight Greco-Roman
84,Speed Skating Men's 500 metres
85,Speed Skating Men's 1500 metres
86,Speed Skating Men's 1500 metres
87,Gymnastics Men's Team All-Around Free System
88,Luge Women's Singles
89,Water Polo Men's Water Polo
90,Sailing Mixed Three Person Keelboat
91,Sailing Mixed Three Person Keelboat
92,Hockey Women's Hockey
93,Rowing Men's Lightweight Double Sculls
94,Rowing Men's Lightweight Double Sculls
95,Athletics Men's Pole Vault
96,Athletics Men's High Jump
97,Sailing Men's Two Person Dinghy
98,Sailing Men's Two Person Dinghy
99,Athletics Men's 1500 metres
100,Bobsleigh Men's Four
101,Swimming Men's 100 metres Butterfly
102,Swimming Men's 200 metres Butterfly
103,Swimming Men's 4 x 100 metres Medley Relay
104,Swimming Men's 100 metres Butterfly
105,Swimming Men's 200 metres Butterfly
106,Football Women's Football
107,Gymnastics Men's Team All-Around Free System
108,Fencing Men's Foil Individual
109,Fencing Men's epee Individual
110,Fencing Men's epee Team
111,Speed Skating Men's 1500 metres
112,Speed Skating Men's 1500 metres
113,Speed Skating Men's 5000 metres
114,Speed Skating Men's 1500 metres
115,Speed Skating Men's 5000 metres
116,Speed Skating Men's 10000 metres
117,Football Men's Football
118,Sailing Mixed 8 metres
119,Equestrianism Mixed Jumping Individual
120,Cross Country Skiing Men's 30 kilometres
121,Cross Country Skiing Men's 50 kilometres
122,Cross Country Skiing Men's 15 kilometres
123,Cross Country Skiing Men's 50 kilometres
124,Cross Country Skiing Men's 4 x 10 kilometres Relay
125,Shooting Men's Small-Bore Rifle Prone 50 metres
126,Shooting Men's Rapid-Fire Pistol 25 metres
127,Shooting Men's Rapid-Fire Pistol 25 metres
128,Shooting Men's Trap
129,Shooting Men's Trap
130,Shooting Men's Trap
131,Athletics Men's 4 x 100 metres Relay
132,Athletics Men's Long Jump
133,Athletics Men's Long Jump
134,Athletics Men's Long Jump
135,Boxing Men's Light-Welterweight
136,Athletics Women's Javelin Throw
137,Athletics Women's Javelin Throw
138,Wrestling Men's Heavyweight Freestyle
139,Wrestling Men's Heavyweight Freestyle
140,Gymnastics Men's Individual All-Around
141,Gymnastics Men's Floor Exercise
142,Gymnastics Men's Parallel Bars
143,Gymnastics Men's Horizontal Bar
144,Gymnastics Men's Rings
145,Gymnastics Men's Pommelled Horse
146,Athletics Men's Pole Vault
147,Taekwondo Men's Flyweight
148,Boxing Men's Heavyweight
149,Athletics Men's 5000 metres
150,Cycling Men's Road Race Individual
151,Cycling Men's Road Race Team
152,Boxing Men's Light-Welterweight
153,Cycling Men's Road Race Individual
154,Cycling Men's Road Race Team
155,Weightlifting Men's Lightweight
156,Weightlifting Men's Middleweight
157,Weightlifting Men's Middleweight
158,Football Men's Football
159,Rowing Men's Coxless Pairs
160,Fencing Men's epee Individual
161,Judo Men's Half-Middleweight
162,Taekwondo Women's Flyweight
163,Boxing Men's Flyweight
164,Athletics Women's Javelin Throw
165,Athletics Women's Javelin Throw
166,Swimming Men's 100 metres Butterfly
167,Swimming Men's 4 x 100 metres Medley Relay
168,Basketball Women's Basketball
169,Diving Men's Platform
170,Canoeing Men's Canadian Doubles 500 metres
171,Canoeing Men's Canadian Doubles 1000 metres
172,Canoeing Men's Kayak Fours 1000 metres
173,Canoeing Men's Kayak Fours 1000 metres
174,Handball Men's Handball
175,Handball Men's Handball
176,Handball Men's Handball
177,Rowing Women's Coxless Pairs
178,Fencing Men's epee Individual
179,Football Men's Football
180,Boxing Men's Middleweight
181,Judo Men's Lightweight
182,Boxing Men's Featherweight
183,Water Polo Men's Water Polo
184,Football Men's Football
185,Tennis Men's Doubles
186,Shooting Mixed Skeet
187,Wrestling Men's Featherweight Freestyle
188,Sailing Mixed Two Person Heavyweight Dinghy
189,Sailing Mixed Two Person Heavyweight Dinghy
190,Sailing Mixed Two Person Heavyweight Dinghy
191,Athletics Men's 1500 metres
192,Athletics Men's 1500 metres
193,Wrestling Men's Light-Heavyweight Greco-Roman
194,Athletics Women's Shot Put
195,Rowing Men's Coxed Eights
196,Cycling Women's Sprint
197,Cycling Women's 500 metres Time Trial
198,Athletics Men's 110 metres Hurdles
199,Football Men's Football
200,Handball Men's Handball
201,Handball Men's Handball
202,Shooting Mixed Trap
203,Athletics Women's Marathon
204,Athletics Men's 100 metres
205,Athletics Men's High Jump
206,Fencing Men's Foil Individual
207,Fencing Men's Foil Team
208,Fencing Men's Sabre Team
209,Fencing Men's Sabre Team
210,Swimming Men's 100 metres Freestyle
211,Swimming Men's 4 x 200 metres Freestyle Relay
212,Boxing Men's Lightweight
213,Football Men's Football
214,Football Men's Football
215,Modern Pentathlon Men's Individual
216,Athletics Men's 100 metres
217,Boxing Men's Welterweight
218,Boxing Men's Middleweight
219,Rowing Men's Quadruple Sculls
220,Rowing Men's Double Sculls
221,Rowing Men's Quadruple Sculls
222,Rowing Men's Coxed Pairs
223,Rowing Men's Coxed Pairs
224,Rowing Men's Coxed Pairs
225,Rowing Men's Coxed Eights
226,Rowing Men's Coxed Pairs
227,Rowing Men's Coxed Pairs
228,Rowing Men's Coxed Pairs
229,Rowing Men's Coxed Pairs
230,Athletics Men's 400 metres Hurdles
231,Athletics Men's 4 x 100 metres Relay
232,Athletics Men's 400 metres Hurdles
233,Athletics Men's 400 metres
234,Athletics Men's Hammer Throw
235,Weightlifting Men's Lightweight
236,Football Men's Football
237,Athletics Men's Long Jump
238,Athletics Men's 400 metres Hurdles
239,Weightlifting Men's Featherweight
240,Weightlifting Men's Featherweight
241,Athletics Men's 400 metres
242,Athletics Men's 800 metres
243,Cycling Men's Road Race Individual
244,Diving Men's Platform
245,Swimming Men's 100 metres Freestyle
246,Alpine Skiing Men's Giant Slalom
247,Weightlifting Men's Middleweight
248,Hockey Men's Hockey
249,Hockey Men's Hockey
250,Hockey Men's Hockey
251,Basketball Men's Basketball
252,Hockey Men's Hockey
253,Alpine Skiing Women's Slalom
254,Hockey Men's Hockey
255,Hockey Men's Hockey
256,Hockey Men's Hockey
257,Rowing Women's Single Sculls
258,Athletics Men's 100 metres
259,Swimming Men's 50 metres Freestyle
260,Weightlifting Women's Featherweight
261,Water Polo Women's Water Polo
262,Gymnastics Men's Individual All-Around
263,Football Men's Football
264,Handball Women's Handball
265,Basketball Men's Basketball
266,Figure Skating Men's Singles
267,Figure Skating Men's Singles
268,Weightlifting Men's Heavyweight
269,Football Men's Football
270,Sailing Mixed Three Person Keelboat
271,Sailing Mixed Three Person Keelboat
272,Equestrianism Mixed Three-Day Event Individual
273,Equestrianism Mixed Three-Day Event Team
274,Athletics Men's 5000 metres
275,Hockey Men's Hockey
276,Hockey Men's Hockey
277,Figure Skating Men's Singles
278,Figure Skating Men's Singles
279,Figure Skating Mixed Team
280,Canoeing Men's Canadian Doubles 1000 metres
281,Sailing Mixed Three Person Keelboat
282,Sailing Women's Three Person Keelboat
283,Cycling Women's Road Race Individual
284,Golf Women's Individual
285,Golf Women's Individual
286,Sailing Mixed Three Person Keelboat
287,Softball Women's Softball
288,Archery Women's Individual
289,Wrestling Men's Light-Heavyweight Greco-Roman
290,Wrestling Men's Light-Heavyweight Greco-Roman
291,Wrestling Men's Heavyweight Greco-Roman
292,Volleyball Men's Volleyball
293,Handball Men's Handball
294,Handball Men's Handball
295,Taekwondo Women's Heavyweight
296,Synchronized Swimming Women's Duet
297,Synchronized Swimming Women's Team
298,Synchronized Swimming Women's Team
299,Athletics Men's 5000 metres
300,Volleyball Men's Volleyball
301,Handball Men's Handball
302,Handball Men's Handball
303,Gymnastics Men's Individual All-Around
304,Gymnastics Men's Team All-Around
305,Gymnastics Men's Floor Exercise
306,Gymnastics Men's Horse Vault
307,Gymnastics Men's Parallel Bars
308,Gymnastics Men's Horizontal Bar
309,Gymnastics Men's Rings
310,Gymnastics Men's Pommelled Horse
311,Fencing Men's Foil Individual
312,Taekwondo Women's Featherweight
313,Athletics Men's Marathon
314,Athletics Men's 4 x 400 metres Relay
315,Athletics Men's 10000 metres
316,Athletics Men's 100 metres
317,Athletics Women's 3000 metres
318,Diving Women's Platform
319,Volleyball Men's Volleyball
320,Shooting Men's Air Rifle 10 metres
321,Football Men's Football
322,Football Men's Football
323,Athletics Men's Marathon
324,Athletics Men's Long Jump
325,Cycling Men's Road Race Individual
326,Boxing Men's Featherweight
327,Boxing Men's Lightweight
328,Athletics Men's 200 metres
329,Athletics Men's 4 x 400 metres Relay
330,Synchronized Swimming Women's Duet
331,Synchronized Swimming Women's Duet
332,Synchronized Swimming Women's Duet
333,Hockey Men's Hockey
334,Rowing Men's Coxed Eights
335,Water Polo Men's Water Polo
336,Fencing Men's Foil Individual
337,Fencing Men's Foil Team
338,Fencing Men's epee Team
339,Fencing Men's Foil Team
340,Fencing Men's epee Team
341,Water Polo Men's Water Polo
342,Weightlifting Men's Flyweight
343,Volleyball Men's Volleyball
344,Boxing Men's Featherweight
345,Wrestling Men's Featherweight Freestyle
346,Football Men's Football
347,Basketball Men's Basketball
348,Water Polo Men's Water Polo
349,Swimming Men's 100 metres Freestyle
350,Swimming Men's 100 metres Backstroke
351,Water Polo Men's Water Polo
352,Swimming Men's 100 metres Freestyle
353,Water Polo Men's Water Polo
354,Athletics Men's 100 metres
355,Weightlifting Men's Light-Heavyweight
356,Weightlifting Men's Light-Heavyweight
357,Handball Men's Handball
358,Wrestling Men's Lightweight Greco-Roman
359,Handball Men's Handball
360,Basketball Men's Basketball
361,Basketball Men's Basketball
362,Handball Men's Handball
363,Water Polo Men's Water Polo
364,Basketball Men's Basketball
365,Basketball Men's Basketball
366,Volleyball Men's Volleyball
367,Volleyball Men's Volleyball
368,Athletics Men's 400 metres
369,Rowing Men's Coxed Eights
370,Water Polo Men's Water Polo
371,Water Polo Men's Water Polo
372,Fencing Men's Sabre Individual
373,Fencing Men's epee Individual
374,Fencing Men's epee Team
375,Fencing Men's epee Individual
376,Fencing Men's epee Team
377,Fencing Men's Sabre Individual
378,Fencing Men's Sabre Team
379,Boxing Men's Welterweight
380,Water Polo Men's Water Polo
381,Volleyball Men's Volleyball
382,Fencing Men's Foil Team
383,Fencing Men's Foil Individual
384,Fencing Men's Foil Team
385,Wrestling Men's Super-Heavyweight Greco-Roman
386,Shooting Men's Free Pistol 50 metres
387,Shooting Men's Air Pistol 10 metres
388,Shooting Men's Free Pistol 50 metres
389,Football Men's Football
390,Fencing Men's epee Team
391,Rowing Men's Coxless Fours
392,Boxing Men's Light-Flyweight
393,Boxing Men's Super-Heavyweight
394,Rowing Men's Coxed Eights
395,Rowing Men's Coxed Eights
396,Handball Men's Handball
397,Boxing Men's Light-Flyweight
398,Gymnastics Men's Individual All-Around
399,Gymnastics Men's Team All-Around
400,Gymnastics Men's Floor Exercise
401,Gymnastics Men's Horse Vault
402,Gymnastics Men's Parallel Bars
403,Gymnastics Men's Horizontal Bar
404,Gymnastics Men's Rings
405,Gymnastics Men's Pommelled Horse
406,Wrestling Men's Flyweight Greco-Roman
407,Shooting Women's Air Rifle 10 metres
408,Shooting Women's Air Rifle 10 metres
409,Shooting Women's Air Rifle 10 metres
410,Football Men's Football
411,Volleyball Men's Volleyball
412,Boxing Men's Lightweight
413,Judo Men's Half-Middleweight
414,Gymnastics Men's Individual All-Around
415,Gymnastics Men's Team All-Around
416,Gymnastics Men's Floor Exercise
417,Gymnastics Men's Horse Vault
418,Gymnastics Men's Parallel Bars
419,Gymnastics Men's Horizontal Bar
420,Gymnastics Men's Rings
421,Gymnastics Men's Pommelled Horse
422,Shooting Men's Air Pistol 10 metres
423,Weightlifting Men's Middleweight
424,Weightlifting Men's Middleweight
425,Synchronized Swimming Women's Team
426,Athletics Men's 1500 metres
427,Football Men's Football
428,Weightlifting Men's Light-Heavyweight
429,Weightlifting Men's Middle-Heavyweight
430,Athletics Men's 5000 metres
431,Shooting Men's Air Rifle 10 metres
432,Shooting Men's Air Rifle 10 metres
433,Football Men's Football
434,Synchronized Swimming Women's Team
435,Wrestling Men's Lightweight Greco-Roman
436,Judo Men's Extra-Lightweight
437,Athletics Men's Javelin Throw
438,Gymnastics Men's Individual All-Around
439,Gymnastics Men's Horse Vault
440,Gymnastics Men's Parallel Bars
441,Gymnastics Men's Rings
442,Gymnastics Men's Pommelled Horse
443,Handball Men's Handball
444,Volleyball Men's Volleyball
445,Athletics Men's 5000 metres
446,Athletics Men's 800 metres
447,Athletics Men's 800 metres
448,Volleyball Women's Volleyball
449,Volleyball Women's Volleyball
450,Wrestling Men's Welterweight Greco-Roman
451,Wrestling Men's Middleweight Greco-Roman
452,Athletics Men's 5000 metres
453,Athletics Men's 10000 metres
454,Athletics Men's 3000 metres Steeplechase
455,Athletics Men's 3000 metres Steeplechase
456,Athletics Men's 3000 metres Steeplechase
457,Athletics Men's 3000 metres Steeplechase
458,Athletics Men's 10000 metres
459,Athletics Men's Marathon
460,Fencing Men's Foil Individual
461,Fencing Men's Foil Team
462,Fencing Men's Foil Individual
463,Fencing Men's Foil Team
464,Fencing Men's epee Individual
465,Fencing Men's epee Team
466,Fencing Men's Foil Team
467,Athletics Men's 10000 metres
468,Athletics Men's 10000 metres
469,Athletics Men's 10000 metres
470,Athletics Men's Marathon
471,Wrestling Men's Welterweight Greco-Roman
472,Wrestling Men's Middleweight Freestyle
473,Wrestling Men's Middleweight Freestyle
474,Swimming Men's 50 metres Freestyle
475,Swimming Women's 100 metres Backstroke
476,Swimming Women's 200 metres Backstroke
477,Swimming Women's 4 x 100 metres Medley Relay
478,Football Men's Football
479,Football Men's Football
480,Boxing Men's Lightweight
481,Athletics Men's 400 metres
482,Wrestling Men's Light-Heavyweight Freestyle
483,Football Men's Football
484,Modern Pentathlon Men's Individual
485,Modern Pentathlon Men's Individual
486,Modern Pentathlon Men's Team
487,Modern Pentathlon Men's Individual
488,Modern Pentathlon Men's Team
489,Athletics Men's 200 metres
490,Volleyball Women's Volleyball
491,Basketball Men's Basketball
492,Boxing Men's Bantamweight
493,Boxing Men's Lightweight
494,Athletics Women's 200 metres
495,Athletics Men's 4 x 400 metres Relay
496,Football Men's Football
497,Hockey Men's Hockey
498,Hockey Men's Hockey
499,Table Tennis Women's Singles
500,Table Tennis Women's Doubles
501,Table Tennis Women's Singles
502,Hockey Men's Hockey
503,Shooting Men's Skeet
504,Shooting Men's Skeet
505,Swimming Men's 50 metres Freestyle
506,Athletics Men's 110 metres Hurdles
507,Athletics Men's 400 metres Hurdles
508,Weightlifting Men's Heavyweight
509,Weightlifting Men's Heavyweight
510,Football Men's Football
511,Football Men's Football
512,Weightlifting Men's Light-Heavyweight
513,Athletics Men's 200 metres
514,Athletics Men's 4 x 100 metres Relay
515,Boxing Men's Lightweight
516,Athletics Men's 4 x 400 metres Relay
517,Athletics Men's Marathon
518,Swimming Women's 50 metres Freestyle
519,Football Men's Football
520,Water Polo Men's Water Polo
521,Shooting Men's Small-Bore Rifle Three Positions 50 metres
522,Shooting Men's Rapid-Fire Pistol 25 metres
523,Cycling Men's Road Race Individual
524,Athletics Men's 400 metres Hurdles
525,Hockey Men's Hockey
526,Hockey Men's Hockey
527,Athletics Women's 100 metres
528,Athletics Women's 100 metres
529,Athletics Men's Long Jump
530,Athletics Men's Triple Jump
531,Athletics Men's High Jump
532,Hockey Men's Hockey
533,Wrestling Men's Flyweight Greco-Roman
534,Diving Men's Platform
535,Diving Men's Platform
536,Football Men's Football
537,Shooting Men's Air Rifle 10 metres
538,Athletics Men's 800 metres
539,Swimming Men's 400 metres Freestyle
540,Swimming Men's 100 metres Butterfly
541,Hockey Men's Hockey
542,Weightlifting Women's Lightweight
543,Football Men's Football
544,Football Men's Football
545,Athletics Men's 100 metres
546,Athletics Men's 4 x 100 metres Relay
547,Athletics Men's 100 metres
548,Athletics Men's 4 x 100 metres Relay
549,Athletics Women's Long Jump
550,Fencing Women's epee Individual
551,Wrestling Men's Featherweight Freestyle
552,Swimming Men's 100 metres Freestyle
553,Swimming Men's 200 metres Freestyle
554,Swimming Men's 4 x 100 metres Freestyle Relay
555,Swimming Men's 4 x 200 metres Freestyle Relay
556,Swimming Men's 4 x 100 metres Medley Relay
557,Boxing Men's Welterweight
558,Hockey Men's Hockey
559,Hockey Men's Hockey
560,Athletics Men's 10000 metres
561,Swimming Men's 200 metres Butterfly
562,Rowing Men's Double Sculls
563,Weightlifting Men's Middle-Heavyweight
564,Hockey Men's Hockey
565,Swimming Men's 4 x 100 metres Freestyle Relay
566,Swimming Men's 4 x 200 metres Freestyle Relay
567,Swimming Men's 100 metres Backstroke
568,Swimming Men's 200 metres Backstroke
569,Swimming Men's 200 metres Individual Medley
570,Swimming Men's 4 x 100 metres Medley Relay
571,Athletics Men's 100 metres
572,Athletics Men's Pole Vault
573,Football Men's Football
574,Football Men's Football
575,Swimming Men's 200 metres Individual Medley
576,Swimming Men's 400 metres Individual Medley
577,Swimming Men's 4 x 100 metres Medley Relay
578,Swimming Men's 400 metres Individual Medley
579,Badminton Women's Singles
580,Badminton Women's Singles
581,Boxing Men's Light-Middleweight
582,Boxing Men's Middleweight
583,Tennis Men's Singles
584,Boxing Men's Heavyweight
585,Wrestling Men's Bantamweight Freestyle
586,Wrestling Men's Featherweight Freestyle
587,Boxing Men's Lightweight
588,Boxing Men's Light-Welterweight
589,Wrestling Men's Super-Heavyweight Greco-Roman
590,Wrestling Men's Super-Heavyweight Greco-Roman
591,Wrestling Men's Flyweight Freestyle
592,Wrestling Men's Bantamweight Freestyle
593,Wrestling Men's Featherweight Freestyle
594,Athletics Women's 5000 metres
595,Wrestling Men's Middleweight Greco-Roman
596,Swimming Men's 100 metres Freestyle
597,Weightlifting Women's Light-Heavyweight
598,Weightlifting Women's Heavyweight
599,Football Men's Football
600,Football Men's Football
601,Synchronized Swimming Women's Team
602,Synchronized Swimming Women's Duet
603,Synchronized Swimming Women's Team
604,Athletics Men's Discus Throw
605,Athletics Men's 110 metres Hurdles
606,Athletics Men's 110 metres Hurdles
607,Boxing Men's Middleweight
608,Weightlifting Men's Featherweight
609,Weightlifting Men's Lightweight
610,Basketball Men's Basketball
611,Boxing Men's Middleweight
612,Taekwondo Men's Featherweight
613,Taekwondo Men's Welterweight
614,Wrestling Men's Middleweight Freestyle
615,Judo Men's Heavyweight
616,Boxing Men's Lightweight
617,Wrestling Men's Middleweight Freestyle
618,Wrestling Men's Light-Heavyweight Freestyle
619,Wrestling Men's Light-Heavyweight Freestyle
620,Cycling Men's Sprint
621,Athletics Men's Hammer Throw
622,Athletics Men's Hammer Throw
623,Cycling Men's Road Race Individual
624,Cycling Men's Road Race Individual
625,Boxing Men's Bantamweight
626,Athletics Men's Hammer Throw
627,Bobsleigh Men's Two
628,Bobsleigh Men's Four
629,Bobsleigh Men's Two
630,Bobsleigh Men's Four
631,Wrestling Men's Lightweight Freestyle
632,Fencing Men's Foil Individual
633,Wrestling Men's Featherweight Freestyle
634,Nordic Combined Men's Team
635,Nordic Combined Men's Individual
636,Nordic Combined Men's Individual
637,Nordic Combined Men's Team
638,Nordic Combined Men's Individual
639,Athletics Men's 4 x 100 metres Relay
640,Athletics Men's Long Jump
641,Rowing Men's Coxed Pairs
642,Basketball Men's Basketball
643,Basketball Men's Basketball
644,Baseball Men's Baseball
645,Baseball Men's Baseball
646,Wrestling Men's Bantamweight Freestyle
647,Rowing Men's Coxed Fours
648,Rowing Men's Coxed Eights
649,Rowing Men's Coxed Eights
650,Hockey Men's Hockey
651,Cycling Women's Road Race Individual
652,Cycling Men's Road Race Individual
653,Football Men's Football
654,Handball Women's Handball
655,Athletics Men's 5000 metres
656,Athletics Men's 10000 metres
657,Cycling Men's Road Race Individual
658,Cycling Men's 100 kilometres Team Time Trial
659,Boxing Men's Flyweight
660,Archery Women's Individual
661,Fencing Men's Sabre Individual
662,Fencing Men's Sabre Individual
663,Football Men's Football
664,Football Men's Football
665,Football Men's Football
666,Volleyball Men's Volleyball
667,Volleyball Men's Volleyball
668,Rhythmic Gymnastics Women's Group
669,Football Men's Football
670,Art Competitions Mixed Architecture Designs For Town Planning
671,Art Competitions Mixed Architecture Architectural Designs
672,Synchronized Swimming Women's Team
673,Ice Hockey Men's Ice Hockey
674,Ice Hockey Men's Ice Hockey
675,Nordic Combined Men's Individual
676,Nordic Combined Men's Individual
677,Gymnastics Women's Individual All-Around
678,Gymnastics Women's Team All-Around
679,Gymnastics Women's Floor Exercise
680,Gymnastics Women's Horse Vault
