1,Basketball
2,Judo
3,Football
4,Tug-Of-War
5,Speed Skating
6,Speed Skating
7,Speed Skating
8,Speed Skating
9,Speed Skating
10,Speed Skating
11,Cross Country Skiing
12,Cross Country Skiing
13,Cross Country Skiing
14,Cross Country Skiing
15,Cross Country Skiing
16,Cross Country Skiing
17,Cross Country Skiing
18,Cross Country Skiing
19,Cross Country Skiing
20,Cross Country Skiing
21,Cross Country Skiing
22,Cross Country Skiing
23,Cross Country Skiing
24,Cross Country Skiing
25,Cross Country Skiing
26,Cross Country Skiing
27,Athletics
28,Athletics
29,Ice Hockey
30,Swimming
31,Cross Country Skiing
32,Badminton
33,Sailing
34,Sailing
35,Biathlon
36,Swimming
37,Swimming
38,Swimming
39,Swimming
40,Swimming
41,Ice Hockey
42,Gymnastics
43,Gymnastics
44,Gymnastics
45,Gymnastics
46,Gymnastics
47,Gymnastics
48,Gymnastics
49,Gymnastics
50,Gymnastics
51,Gymnastics
52,Gymnastics
53,Gymnastics
54,Gymnastics
55,Gymnastics
56,Gymnastics
57,Gymnastics
58,Athletics
59,Art Competitions
60,Alpine Skiing
61,Alpine Skiing
62,Alpine Skiing
63,Alpine Skiing
64,Alpine Skiing
65,Alpine Skiing
66,Alpine Skiing
67,Alpine Skiing
68,Alpine Skiing
69,Alpine Skiing
70,Alpine Skiing
71,Alpine Skiing
72,Alpine Skiing
73,Alpine Skiing
74,Alpine Skiing
75,Alpine Skiing
76,Alpine Skiing
77,Alpine Skiing
78,Alpine Skiing
79,Alpine Skiing
80,Handball
81,Weightlifting
82,Wrestling
83,Wrestling
84,Speed Skating
85,Speed Skating
86,Speed Skating
87,Gymnastics
88,Luge
89,Water Polo
90,Sailing
91,Sailing
92,Hockey
93,Rowing
94,Rowing
95,Athletics
96,Athletics
97,Sailing
98,Sailing
99,Athletics
100,Bobsleigh
101,Swimming
102,Swimming
103,Swimming
104,Swimming
105,Swimming
106,Football
107,Gymnastics
108,Fencing
109,Fencing
110,Fencing
111,Speed Skating
112,Speed Skating
113,Speed Skating
114,Speed Skating
115,Speed Skating
116,Speed Skating
117,Football
118,Sailing
119,Equestrianism
120,Cross Country Skiing
121,Cross Country Skiing
122,Cross Country Skiing
123,Cross Country Skiing
124,Cross Country Skiing
125,Shooting
126,Shooting
127,Shooting
128,Shooting
129,Shooting
130,Shooting
131,Athletics
132,Athletics
133,Athletics
134,Athletics
135,Boxing
136,Athletics
137,Athletics
138,Wrestling
139,Wrestling
140,Gymnastics
141,Gymnastics
142,Gymnastics
143,Gymnastics
144,Gymnastics
145,Gymnastics
146,Athletics
147,Taekwondo
148,Boxing
149,Athletics
150,Cycling
151,Cycling
152,Boxing
153,Cycling
154,Cycling
155,Weightlifting
156,Weightlifting
157,Weightlifting
158,Football
159,Rowing
160,Fencing
161,Judo
162,Taekwondo
163,Boxing
164,Athletics
165,Athletics
166,Swimming
167,Swimming
168,Basketball
169,Diving
170,Canoeing
171,Canoeing
172,Canoeing
173,Canoeing
174,Handball
175,Handball
176,Handball
177,Rowing
178,Fencing
179,Football
180,Boxing
181,Judo
182,Boxing
183,Water Polo
184,Football
185,Tennis
186,Shooting
187,Wrestling
188,Sailing
189,Sailing
190,Sailing
191,Athletics
192,Athletics
193,Wrestling
194,Athletics
195,Rowing
196,Cycling
197,Cycling
198,Athletics
199,Football
200,Handball
201,Handball
202,Shooting
203,Athletics
204,Athletics
205,Athletics
206,Fencing
207,Fencing
208,Fencing
209,Fencing
210,Swimming
211,Swimming
212,Boxing
213,Football
214,Football
215,Modern Pentathlon
216,Athletics
217,Boxing
218,Boxing
219,Rowing
220,Rowing
221,Rowing
222,Rowing
223,Rowing
224,Rowing
225,Rowing
226,Rowing
227,Rowing
228,Rowing
229,Rowing
230,Athletics
231,Athletics
232,Athletics
233,Athletics
234,Athletics
235,Weightlifting
236,Football
237,Athletics
238,Athletics
239,Weightlifting
240,Weightlifting
241,Athletics
242,Athletics
243,Cycling
244,Diving
245,Swimming
246,Alpine Skiing
247,Weightlifting
248,Hockey
249,Hockey
250,Hockey
251,Basketball
252,Hockey
253,Alpine Skiing
254,Hockey
255,Hockey
256,Hockey
257,Rowing
258,Athletics
259,Swimming
260,Weightlifting
261,Water Polo
262,Gymnastics
263,Football
264,Handball
265,Basketball
266,Figure Skating
267,Figure Skating
268,Weightlifting
269,Football
270,Sailing
271,Sailing
272,Equestrianism
273,Equestrianism
274,Athletics
275,Hockey
276,Hockey
277,Figure Skating
278,Figure Skating
279,Figure Skating
280,Canoeing
281,Sailing
282,Sailing
283,Cycling
284,Golf
285,Golf
286,Sailing
287,Softball
288,Archery
289,Wrestling
290,Wrestling
291,Wrestling
292,Volleyball
293,Handball
294,Handball
295,Taekwondo
296,Synchronized Swimming
297,Synchronized Swimming
298,Synchronized Swimming
299,Athletics
300,Volleyball
301,Handball
302,Handball
303,Gymnastics
304,Gymnastics
305,Gymnastics
306,Gymnastics
307,Gymnastics
308,Gymnastics
309,Gymnastics
310,Gymnastics
311,Fencing
312,Taekwondo
313,Athletics
314,Athletics
315,Athletics
316,Athletics
317,Athletics
318,Diving
319,Volleyball
320,Shooting
321,Football
322,Football
323,Athletics
324,Athletics
325,Cycling
326,Boxing
327,Boxing
328,Athletics
329,Athletics
330,Synchronized Swimming
331,Synchronized Swimming
332,Synchronized Swimming
333,Hockey
334,Rowing
335,Water Polo
336,Fencing
337,Fencing
338,Fencing
339,Fencing
340,Fencing
341,Water Polo
342,Weightlifting
343,Volleyball
344,Boxing
345,Wrestling
346,Football
347,Basketball
348,Water Polo
349,Swimming
350,Swimming
351,Water Polo
352,Swimming
353,Water Polo
354,Athletics
355,Weightlifting
356,Weightlifting
357,Handball
358,Wrestling
359,Handball
360,Basketball
361,Basketball
362,Handball
363,Water Polo
364,Basketball
365,Basketball
366,Volleyball
367,Volleyball
368,Athletics
369,Rowing
370,Water Polo
371,Water Polo
372,Fencing
373,Fencing
374,Fencing
375,Fencing
376,Fencing
377,Fencing
378,Fencing
379,Boxing
380,Water Polo
381,Volleyball
382,Fencing
383,Fencing
384,Fencing
385,Wrestling
386,Shooting
387,Shooting
388,Shooting
389,Football
390,Fencing
391,Rowing
392,Boxing
393,Boxing
394,Rowing
395,Rowing
396,Handball
397,Boxing
398,Gymnastics
399,Gymnastics
400,Gymnastics
401,Gymnastics
402,Gymnastics
403,Gymnastics
404,Gymnastics
405,Gymnastics
406,Wrestling
407,Shooting
408,Shooting
409,Shooting
410,Football
411,Volleyball
412,Boxing
413,Judo
414,Gymnastics
415,Gymnastics
416,Gymnastics
417,Gymnastics
418,Gymnastics
419,Gymnastics
420,Gymnastics
421,Gymnastics
422,Shooting
423,Weightlifting
424,Weightlifting
425,Synchronized Swimming
426,Athletics
427,Football
428,Weightlifting
429,Weightlifting
430,Athletics
431,Shooting
432,Shooting
433,Football
434,Synchronized Swimming
435,Wrestling
436,Judo
437,Athletics
438,Gymnastics
439,Gymnastics
440,Gymnastics
441,Gymnastics
442,Gymnastics
443,Handball
444,Volleyball
445,Athletics
446,Athletics
447,Athletics
448,Volleyball
449,Volleyball
450,Wrestling
451,Wrestling
452,Athletics
453,Athletics
454,Athletics
455,Athletics
456,Athletics
457,Athletics
458,Athletics
459,Athletics
460,Fencing
461,Fencing
462,Fencing
463,Fencing
464,Fencing
465,Fencing
466,Fencing
467,Athletics
468,Athletics
469,Athletics
470,Athletics
471,Wrestling
472,Wrestling
473,Wrestling
474,Swimming
475,Swimming
476,Swimming
477,Swimming
478,Football
479,Football
480,Boxing
481,Athletics
482,Wrestling
483,Football
484,Modern Pentathlon
485,Modern Pentathlon
486,Modern Pentathlon
487,Modern Pentathlon
488,Modern Pentathlon
489,Athletics
490,Volleyball
491,Basketball
492,Boxing
493,Boxing
494,Athletics
495,Athletics
496,Football
497,Hockey
498,Hockey
499,Table Tennis
500,Table Tennis
501,Table Tennis
502,Hockey
503,Shooting
504,Shooting
505,Swimming
506,Athletics
507,Athletics
508,Weightlifting
509,Weightlifting
510,Football
511,Football
512,Weightlifting
513,Athletics
514,Athletics
515,Boxing
516,Athletics
517,Athletics
518,Swimming
519,Football
520,Water Polo
521,Shooting
522,Shooting
523,Cycling
524,Athletics
525,Hockey
526,Hockey
527,Athletics
528,Athletics
529,Athletics
530,Athletics
531,Athletics
532,Hockey
533,Wrestling
534,Diving
535,Diving
536,Football
537,Shooting
538,Athletics
539,Swimming
540,Swimming
541,Hockey
542,Weightlifting
543,Football
544,Football
545,Athletics
546,Athletics
547,Athletics
548,Athletics
549,Athletics
550,Fencing
551,Wrestling
552,Swimming
553,Swimming
554,Swimming
555,Swimming
556,Swimming
557,Boxing
558,Hockey
559,Hockey
560,Athletics
561,Swimming
562,Rowing
563,Weightlifting
564,Hockey
565,Swimming
566,Swimming
567,Swimming
568,Swimming
569,Swimming
570,Swimming
571,Athletics
572,Athletics
573,Football
574,Football
575,Swimming
576,Swimming
577,Swimming
578,Swimming
579,Badminton
580,Badminton
581,Boxing
582,Boxing
583,Tennis
584,Boxing
585,Wrestling
586,Wrestling
587,Boxing
588,Boxing
589,Wrestling
590,Wrestling
591,Wrestling
592,Wrestling
593,Wrestling
594,Athletics
595,Wrestling
596,Swimming
597,Weightlifting
598,Weightlifting
599,Football
600,Football
601,Synchronized Swimming
602,Synchronized Swimming
603,Synchronized Swimming
604,Athletics
605,Athletics
606,Athletics
607,Boxing
608,Weightlifting
609,Weightlifting
610,Basketball
611,Boxing
612,Taekwondo
613,Taekwondo
614,Wrestling
615,Judo
616,Boxing
617,Wrestling
618,Wrestling
619,Wrestling
620,Cycling
621,Athletics
622,Athletics
623,Cycling
624,Cycling
625,Boxing
626,Athletics
627,Bobsleigh
628,Bobsleigh
629,Bobsleigh
630,Bobsleigh
631,Wrestling
632,Fencing
633,Wrestling
634,Nordic Combined
635,Nordic Combined
636,Nordic Combined
637,Nordic Combined
638,Nordic Combined
639,Athletics
640,Athletics
641,Rowing
642,Basketball
643,Basketball
644,Baseball
645,Baseball
646,Wrestling
647,Rowing
648,Rowing
649,Rowing
650,Hockey
651,Cycling
652,Cycling
653,Football
654,Handball
655,Athletics
656,Athletics
657,Cycling
658,Cycling
659,Boxing
660,Archery
661,Fencing
662,Fencing
663,Football
664,Football
665,Football
666,Volleyball
667,Volleyball
668,Rhythmic Gymnastics
669,Football
670,Art Competitions
671,Art Competitions
672,Synchronized Swimming
673,Ice Hockey
674,Ice Hockey
675,Nordic Combined
676,Nordic Combined
677,Gymnastics
678,Gymnastics
679,Gymnastics
680,Gymnastics
